,Brand,Resolution,Size ,Selling Price in US dollars,Selling Price in Indian Rupees,Original Price in Indian Rupees,Percent Off,Operating System,Rating,clusters,color
0,Hisense,QLED Ultra HD,75,6499.87,499990,499990,0%,Android,4.2,2,dark purple
1,Samsung,QLED Ultra HD,65,6121.7,470900,470900,0%,Tizen,4.2,2,dark purple
2,SONY ,Ultra HD LED,65,6109.99,469999,529900,11%,Android,5.0,2,dark purple
3,Sharp ,Full HD LED,70,5848.7,449900,449900,0%,Linux,4.2,2,dark purple
4,Samsung,Full HD LED,75,5458.7,419900,419900,0%,Tizen,4.2,2,dark purple
5,Samsung,Full HD LED,65,5011.5,385500,385500,0%,Tizen,4.2,2,dark purple
6,LG ,Ultra HD LED,75,5006.29,385099,549990,30%,WebOS,4.2,2,dark purple
7,LG ,Ultra HD LED,65,4549.99,349999,499990,30%,WebOS,4.2,2,dark purple
8,LG ,Ultra HD LED,55,4224.87,324990,324990,0%,WebOS,4.6,2,dark purple
9,Samsung,QLED Ultra HD,65,4143.1,318700,399900,20%,Tizen,4.2,2,dark purple
10,Samsung,QLED Ultra HD,55,4093.7,314900,314900,0%,Tizen,4.2,2,dark purple
11,Samsung,Ultra HD LED,65,3846.7,295900,295900,0%,Tizen,4.2,2,dark purple
12,Samsung,Ultra HD LED,65,3833.7,294900,294900,0%,Tizen,4.7,2,dark purple
13,Samsung,Ultra HD LED,55,3703.7,284900,284900,0%,Tizen,3.6,2,dark purple
14,LG ,Ultra HD LED,65,3639.87,279990,399990,30%,WebOS,4.2,2,dark purple
15,Samsung,QLED Ultra HD,55,3573.7,274900,274900,0%,Tizen,5.0,2,dark purple
16,LG ,Ultra HD LED,65,3509.99,269999,339990,21%,WebOS,4.2,2,dark purple
17,Samsung,Full HD LED,55,3471.0,267000,267000,0%,Tizen,4.2,2,dark purple
18,LG ,Ultra HD LED,65,3418.99,262999,364990,28%,WebOS,4.2,2,dark purple
19,SONY ,Ultra HD LED,75,3379.99,259999,499900,48%,Android,3.7,2,dark purple
20,SONY ,Ultra HD LED,65,3379.99,259999,449900,42%,Android,4.3,2,dark purple
21,Vu,QLED Ultra HD,85,3379.99,259999,350000,26%,Android,4.4,2,dark purple
22,Samsung,QLED Ultra HD,65,3366.99,258999,419900,38%,Tizen,4.2,2,dark purple
23,LG ,Full HD LED,55,3250.0,250000,250000,0%,WebOS,4.2,2,dark purple
24,LG ,Ultra HD LED,65,3249.99,249999,409990,39%,WebOS,4.8,2,dark purple
25,Samsung,Full HD LED,55,3249.87,249990,249990,0%,Tizen,4.3,2,dark purple
26,Samsung,Full HD LED,55,3209.7,246900,246900,0%,Tizen,4.2,2,dark purple
27,Samsung,Ultra HD LED,55,3144.7,241900,241900,0%,Tizen,3.9,2,dark purple
28,Samsung,Ultra HD LED,75,3119.99,239999,394900,39%,Tizen,4.2,2,dark purple
29,Samsung,Ultra HD LED,55,2988.7,229900,229900,0%,Tizen,4.2,2,dark purple
30,Sharp ,Full HD LED,60,2988.7,229900,229900,0%,Linux,4.2,2,dark purple
31,LG ,Ultra HD LED,65,2977.0,229000,359990,36%,WebOS,4.2,2,dark purple
32,Samsung,QLED Ultra HD,65,2924.99,224999,279900,20%,Tizen,5.0,2,dark purple
33,LG ,Ultra HD LED,65,2924.99,224999,379990,41%,WebOS,5.0,2,dark purple
34,Samsung,QLED Ultra HD,65,2859.87,219990,257900,15%,Tizen,4.2,2,dark purple
35,Samsung,Full HD LED,55,2845.7,218900,218900,0%,Tizen,4.2,2,dark purple
36,Samsung,Full HD LED,60,2741.7,210900,210900,0%,Tizen,4.2,1,purple
37,LG ,Full HD LED,60,2730.0,210000,210000,0%,WebOS,4.4,1,purple
38,LG ,Full HD LED,60,2730.0,210000,210000,0%,WebOS,4.4,1,purple
39,Samsung,Ultra HD LED,55,2663.7,204900,204900,0%,Tizen,3.0,1,purple
40,LG ,Ultra HD LED,65,2599.99,199999,349990,43%,WebOS,4.4,1,purple
41,LG ,Ultra HD LED,65,2599.99,199999,349990,43%,WebOS,4.2,1,purple
42,Samsung,QLED Ultra HD,65,2599.87,199990,284990,30%,Tizen,4.2,1,purple
43,Sharp ,Full HD LED,52,2599.87,199990,199990,0%,Linux,4.2,1,purple
44,SONY ,Ultra HD LED,75,2593.38,199491,299900,33%,Linux,4.7,1,purple
45,SONY ,Ultra HD LED,65,2489.4,191492,364900,48%,Android,3.8,1,purple
46,LG ,Full HD LED,60,2470.0,190000,190000,0%,WebOS,4.8,1,purple
47,LG ,Ultra HD LED,75,2469.99,189999,284990,33%,WebOS,3.0,1,purple
48,LG ,Ultra HD LED,65,2469.99,189999,299990,37%,WebOS,2.7,1,purple
49,Samsung,Full HD LED,55,2468.7,189900,189900,0%,Tizen,4.6,1,purple
50,SONY ,Ultra HD LED,65,2339.99,179999,224900,20%,Android,4.9,1,purple
51,Samsung,Ultra HD LED,49,2338.7,179900,179900,0%,Tizen,4.3,1,purple
52,Samsung,Ultra HD LED,55,2325.7,178900,178900,0%,Tizen,3.9,1,purple
53,Samsung,Ultra HD LED,55,2320.5,178500,178500,0%,Tizen,3.8,1,purple
54,LG ,Ultra HD LED,65,2274.99,174999,209990,17%,WebOS,4.2,1,purple
55,Samsung,Ultra HD LED,75,2209.87,169990,254900,33%,Tizen,4.2,1,purple
56,SONY ,Ultra HD LED,65,2208.7,169900,239900,29%,Linux,4.2,1,purple
57,Panasonic,Ultra HD LED,55,2195.7,168900,168900,0%,Android,3.8,1,purple
58,Samsung,Ultra HD LED,65,2173.59,167199,269900,38%,Tizen,4.2,1,purple
59,LG ,Ultra HD LED,65,2144.99,164999,264990,38%,WebOS,4.7,1,purple
60,SONY ,Ultra HD LED,55,2144.99,164999,329900,50%,Android,4.7,1,purple
61,Samsung,QLED Ultra HD,55,2128.59,163738,211900,23%,Tizen,4.2,1,purple
62,Samsung,QLED Ultra HD,65,2117.7,162900,209900,22%,Tizen,4.2,1,purple
63,Samsung,Full HD LED,55,2086.5,160500,160500,0%,Tizen,4.2,1,purple
64,Samsung,Ultra HD LED,75,2079.87,159990,266900,40%,Tizen,4.2,1,purple
65,TCL ,Ultra HD LED,65,2079.87,159990,159990,0%,Android,4.2,1,purple
66,TCL ,Ultra HD LED,65,2079.87,159990,159990,0%,Android,4.2,1,purple
67,LG ,Ultra HD LED,55,2074.66,159589,189900,16%,WebOS,3.9,1,purple
68,LG ,Ultra HD LED,55,2074.66,159589,189900,16%,WebOS,3.9,1,purple
69,Samsung,QLED Ultra HD,55,2073.5,159500,244900,35%,Tizen,4.4,1,purple
70,Samsung,Ultra HD LED,65,2073.5,159500,234900,32%,Tizen,4.6,1,purple
71,iFFALCON by TCL,QLED Ultra HD,65,2040.87,156990,156990,0%,Android,4.2,1,purple
72,LG ,Ultra HD LED,55,2026.43,155879,226990,31%,WebOS,4.2,1,purple
73,Samsung,Ultra HD LED,55,2013.7,154900,154900,0%,Tizen,5.0,1,purple
74,SONY ,Ultra HD LED,65,1988.99,152999,269900,43%,Android,4.5,1,purple
75,Sharp ,Full HD LED,46,1975.87,151990,151990,0%,Linux,4.2,1,purple
76,iFFALCON by TCL,Ultra HD LED,75,1949.99,149999,239999,38%,Android,4.2,1,purple
77,LG ,Ultra HD LED,55,1949.99,149999,229990,35%,WebOS,4.3,1,purple
78,SONY ,Ultra HD LED,65,1949.99,149999,244900,39%,Android,4.7,1,purple
79,LG ,Ultra HD LED,65,1949.99,149999,219990,32%,WebOS,5.0,1,purple
80,LG ,Ultra HD LED,75,1949.87,149990,269900,44%,WebOS,4.2,1,purple
81,TCL ,QLED Ultra HD,75,1949.87,149990,399990,63%,Android,3.9,1,purple
82,SONY ,Ultra HD LED,65,1949.87,149990,184990,19%,Linux,4.3,1,purple
83,Samsung,Ultra HD LED,55,1948.7,149900,149900,0%,Tizen,4.2,1,purple
84,Samsung,QLED Ultra HD,65,1936.87,148990,259900,43%,Tizen,4.2,1,purple
85,TCL ,Ultra HD LED,65,1910.99,146999,299990,51%,Android,4.2,1,purple
86,Samsung,Ultra HD LED,49,1909.7,146900,146900,0%,Tizen,4.5,1,purple
87,Samsung,Ultra HD LED,55,1896.7,145900,145900,0%,Tizen,4.8,1,purple
88,Samsung,Full HD LED,46,1891.5,145500,145500,0%,Tizen,4.2,1,purple
89,Samsung,QLED Ultra HD,55,1884.87,144990,199990,28%,Tizen,4.2,1,purple
90,Samsung,QLED Ultra HD,65,1883.7,144900,229990,37%,Tizen,4.2,1,purple
91,TCL ,Full HD LED,75,1882.27,144790,259990,44%,Android,4.3,1,purple
92,SONY ,Ultra HD LED,65,1852.49,142499,199900,29%,Android,4.2,1,purple
93,LG ,Ultra HD LED,55,1849.08,142237,169900,16%,WebOS,5.0,1,purple
94,SONY ,Ultra HD LED,65,1830.28,140791,209900,33%,Android,4.8,1,purple
95,LG ,Ultra HD LED,65,1819.99,139999,254990,45%,WebOS,4.2,1,purple
96,Samsung,QLED Ultra HD,55,1819.87,139990,209900,33%,Tizen,4.2,1,purple
97,Samsung,Full HD LED,46,1819.87,139990,139990,0%,Tizen,4.5,1,purple
98,LG ,Ultra HD LED,55,1787.37,137490,299990,54%,WebOS,4.2,1,purple
99,Samsung,Ultra HD LED,49,1774.5,136500,136500,0%,Tizen,4.4,1,purple
100,SONY ,Ultra HD LED,55,1754.91,134993,299900,55%,Linux,4.2,1,purple
101,LG ,Ultra HD LED,55,1713.73,131825,154900,15%,WebOS,3.8,1,purple
102,LG ,Ultra HD LED,65,1689.99,129999,229900,43%,WebOS,5.0,1,purple
103,SONY ,Ultra HD LED,55,1689.87,129990,155990,17%,Linux,4.2,1,purple
104,Samsung,Ultra HD LED,49,1688.7,129900,129900,0%,Tizen,4.4,1,purple
105,Samsung,Ultra HD LED,49,1688.7,129900,129900,0%,Tizen,3.4,1,purple
106,Samsung,QLED Ultra HD,55,1676.99,128999,169900,24%,Tizen,4.6,1,purple
107,LG ,Ultra HD LED,55,1665.3,128100,209990,39%,WebOS,4.2,1,purple
108,Samsung,Ultra HD LED,50,1636.7,125900,125900,0%,Tizen,4.3,1,purple
109,LG ,Ultra HD LED,55,1624.99,124999,177990,30%,WebOS,4.4,1,purple
110,Samsung,Ultra HD LED,65,1589.89,122299,209900,42%,Tizen,4.7,1,purple
111,Samsung,QLED Ultra HD,65,1589.77,122290,222900,45%,Tizen,4.5,1,purple
112,Samsung,QLED Ultra HD,55,1585.99,121999,143900,15%,Tizen,4.3,1,purple
113,Samsung,QLED Ultra HD,65,1585.87,121990,222900,45%,Tizen,4.3,1,purple
114,LG ,Ultra HD LED,49,1572.86,120989,120990,0%,WebOS,4.4,1,purple
115,Sansui ,Ultra HD LED,55,1559.87,119990,119990,0%,Android,4.3,1,purple
116,Samsung,Full HD LED,55,1545.7,118900,118900,0%,Tizen,4.0,1,purple
117,SONY ,Ultra HD LED,65,1542.33,118641,183249,35%,Linux,4.7,1,purple
118,TCL ,Ultra HD LED,55,1520.87,116990,116990,0%,Android,4.2,1,purple
119,TCL ,Ultra HD LED,55,1520.87,116990,116990,0%,Android,4.2,1,purple
120,Vu,Ultra HD LED,65,1508.0,116000,116000,0%,Linux,4.5,1,purple
121,LG ,Ultra HD LED,55,1503.55,115658,212490,46%,WebOS,4.6,1,purple
122,LG ,Ultra HD LED,55,1494.99,114999,189990,39%,WebOS,2.7,1,purple
123,Panasonic,Ultra HD LED,65,1494.99,114999,179900,36%,Linux,4.8,1,purple
124,Lloyd ,Full HD LED,55,1494.87,114990,114990,0%,Linux,4.2,1,purple
125,SONY ,Ultra HD LED,65,1481.99,113999,179900,37%,Android,4.4,1,purple
126,iFFALCON by TCL,Ultra HD LED,55,1481.87,113990,113990,0%,Android,4.2,1,purple
127,SONY ,Ultra HD LED,65,1457.3,112100,179990,38%,Android,4.7,1,purple
128,LG ,Full HD LED,47,1456.0,112000,112000,0%,WebOS,5.0,1,purple
129,SONY ,Ultra HD LED,55,1429.99,109999,164900,33%,Android,3.6,1,purple
130,LG ,Ultra HD LED,65,1429.99,109999,209990,48%,WebOS,5.0,1,purple
131,Samsung,QLED Ultra HD,55,1377.87,105990,162900,35%,Tizen,4.2,1,purple
132,LG ,Ultra HD LED,48,1377.87,105990,110690,4%,WebOS,4.2,1,purple
133,Samsung,QLED Ultra HD,55,1377.87,105990,189990,44%,Tizen,4.2,1,purple
134,LG ,Full HD LED,47,1365.0,105000,105000,0%,WebOS,4.2,1,purple
135,TCL ,Ultra HD LED,55,1364.99,104999,239990,56%,Android,4.2,1,purple
136,Samsung,Ultra HD LED,55,1363.7,104900,104900,0%,Tizen,4.4,1,purple
137,LG ,Full HD LED,55,1351.87,103990,103990,0%,WebOS,4.2,1,purple
138,Samsung,Ultra HD LED,65,1351.87,103990,135900,23%,Tizen,4.2,1,purple
139,LG ,Ultra HD LED,48,1351.87,103990,199990,48%,WebOS,4.2,1,purple
140,Sharp ,Full HD LED,40,1351.87,103990,103990,0%,Linux,4.2,1,purple
141,Panasonic,Ultra HD LED,65,1343.59,103353,129990,20%,Linux,4.2,1,purple
142,LG ,Ultra HD LED,65,1337.57,102890,172990,41%,WebOS,5.0,1,purple
143,LG ,Ultra HD LED,49,1330.23,102325,119900,15%,WebOS,4.2,1,purple
144,LG ,Ultra HD LED,49,1330.23,102325,119900,15%,WebOS,4.2,1,purple
145,SONY ,Ultra HD LED,55,1329.77,102290,139900,27%,Android,4.2,1,purple
146,LG ,Ultra HD LED,55,1299.99,99999,166990,40%,WebOS,4.2,1,purple
147,Compaq ,QLED Ultra HD,65,1299.99,99999,229990,57%,Android,4.4,1,purple
148,Haier ,Ultra HD LED,65,1299.99,99999,149990,33%,Android,4.2,1,purple
149,LG ,Ultra HD LED,65,1299.87,99990,169990,41%,WebOS,4.5,1,purple
150,LG ,Ultra HD LED,55,1273.87,97990,139989,30%,WebOS,4.2,1,purple
151,TOSHIBA,Ultra HD LED,65,1260.99,96999,133990,28%,VIDAA,4.2,1,purple
152,LG ,Ultra HD LED,49,1235.09,95007,117900,19%,WebOS,3.4,1,purple
153,LG ,Ultra HD LED,70,1234.87,94990,169990,44%,WebOS,4.2,1,purple
154,Samsung,Ultra HD LED,65,1234.87,94990,145900,35%,Tizen,2.8,1,purple
155,LG ,Ultra HD LED,65,1221.99,93999,129990,28%,WebOS,4.5,1,purple
156,Samsung,Full HD LED,49,1202.5,92500,92500,0%,Tizen,4.1,1,purple
157,Micromax,Ultra HD LED,43,1195.87,91990,91990,0%,Android,4.0,1,purple
158,Panasonic,Ultra HD LED,65,1174.08,90314,119990,25%,Linux,4.2,1,purple
159,Panasonic,Ultra HD LED,55,1171.35,90104,178900,50%,Linux,4.2,1,purple
160,Hisense,Ultra HD LED,70,1169.99,89999,119990,25%,Android,4.4,1,purple
161,LG ,Ultra HD LED,48,1169.99,89999,169990,47%,WebOS,2.7,1,purple
162,TCL ,QLED Ultra HD,65,1169.99,89999,189990,53%,Android,4.4,1,purple
163,Samsung,Ultra HD LED,65,1169.87,89990,124990,28%,Tizen,4.2,1,purple
164,Samsung,Ultra HD LED,65,1169.87,89990,115990,22%,Tizen,4.2,1,purple
165,Samsung,QLED Ultra HD,55,1169.87,89990,163900,45%,Tizen,4.7,1,purple
166,LG ,Ultra HD LED,65,1169.71,89978,149990,40%,WebOS,4.2,1,purple
167,Samsung,Ultra HD LED,43,1168.05,89850,89850,0%,Tizen,4.1,1,purple
168,Samsung,QLED Ultra HD,55,1162.07,89390,134900,34%,Tizen,4.2,1,purple
169,Samsung,Full HD LED,46,1137.5,87500,87500,0%,Tizen,3.7,1,purple
170,Panasonic,Ultra HD LED,65,1129.57,86890,93500,7%,Linux,4.2,1,purple
171,TCL ,Ultra HD LED,65,1119.18,86091,109990,22%,Android,4.3,1,purple
172,Samsung,Ultra HD LED,65,1117.87,85990,116900,26%,Tizen,4.3,1,purple
173,Samsung,QLED Ultra HD,50,1104.99,84999,119900,29%,Tizen,4.8,1,purple
174,iFFALCON by TCL,QLED Ultra HD,65,1104.99,84999,229990,63%,Android,4.3,1,purple
175,Samsung,QLED Ultra HD,55,1104.99,84999,133900,37%,Tizen,4.6,1,purple
176,LG ,Ultra HD LED,55,1104.99,84999,166990,49%,WebOS,4.5,1,purple
177,Vu,Ultra HD LED,75,1104.99,84999,130000,35%,Linux,4.1,1,purple
178,Samsung,QLED Ultra HD,55,1104.87,84990,134900,37%,Tizen,4.7,1,purple
179,Samsung,QLED Ultra HD,49,1104.87,84990,110900,23%,Tizen,4.2,1,purple
180,LG ,Ultra HD LED,65,1104.87,84990,129990,35%,WebOS,4.2,1,purple
181,Hisense,QLED Ultra HD,65,1104.87,84990,109990,23%,Android,4.2,1,purple
182,OnePlus,QLED Ultra HD,55,1104.87,84990,99900,15%,Android,4.8,1,purple
183,CloudWalker,Ultra HD LED,55,1098.5,84500,84500,0%,Android,3.7,1,purple
184,LG ,Ultra HD LED,65,1086.79,83599,119990,30%,WebOS,4.4,1,purple
185,SONY ,Ultra HD LED,50,1085.38,83491,99913,16%,Linux,4.7,1,purple
186,SONY ,Ultra HD LED,55,1072.41,82493,129900,36%,Android,4.8,1,purple
187,LG ,Ultra HD LED,55,1065.99,81999,149990,45%,WebOS,4.8,1,purple
188,SONY ,Ultra HD LED,50,1065.87,81990,99900,18%,Android,4.7,1,purple
189,LG ,Ultra HD LED,49,1052.87,80990,80990,0%,WebOS,4.5,1,purple
190,SONY ,Ultra HD LED,55,1050.39,80799,94900,15%,Linux,4.6,1,purple
191,LG ,Ultra HD LED,43,1039.87,79990,79990,0%,WebOS,4.4,0,salmon colored
192,AISEN  ,Ultra HD LED,65,1039.87,79990,99900,20%,Android,4.2,0,salmon colored
193,SONY ,Ultra HD LED,55,1030.77,79290,109900,28%,Linux,4.7,0,salmon colored
194,PHILIPS,Ultra HD LED,65,1026.99,78999,199990,60%,Android,4.6,0,salmon colored
195,LG ,Full HD LED,49,1013.87,77990,77990,0%,WebOS,4.8,0,salmon colored
196,LG ,Full HD LED,49,1012.7,77900,77900,0%,WebOS,4.1,0,salmon colored
197,LG ,Ultra HD LED,49,1004.6,77277,103900,26%,WebOS,4.3,0,salmon colored
198,Samsung,QLED Ultra HD,55,1000.99,76999,129900,41%,Tizen,4.5,0,salmon colored
199,LG ,Ultra HD LED,55,990.56,76197,129990,41%,WebOS,4.8,0,salmon colored
200,SONY ,Ultra HD LED,49,976.29,75099,89900,16%,Android,4.4,0,salmon colored
201,Lloyd ,Ultra HD LED,65,974.99,74999,153990,51%,Linux,4.8,0,salmon colored
202,Samsung,QLED Ultra HD,49,974.87,74990,129900,42%,Tizen,4.7,0,salmon colored
203,LG ,Full HD LED,49,974.87,74990,74990,0%,WebOS,4.5,0,salmon colored
204,TCL ,Ultra HD LED,55,974.87,74990,74990,0%,Linux,4.3,0,salmon colored
205,SONY ,Ultra HD LED,55,961.99,73999,99990,26%,Linux,4.5,0,salmon colored
206,Samsung,QLED Ultra HD,50,961.87,73990,119900,38%,Tizen,4.3,0,salmon colored
207,Akai ,Ultra HD LED,65,948.22,72940,124990,42%,Android,4.2,0,salmon colored
208,Akai ,Ultra HD LED,65,948.22,72940,124990,42%,Android,4.2,0,salmon colored
209,SONY ,Ultra HD LED,50,945.3,72715,92900,22%,Android,4.2,0,salmon colored
210,Micromax,Full HD LED,55,935.87,71990,71990,0%,Android,4.2,0,salmon colored
211,LG ,Ultra HD LED,49,917.23,70556,84900,17%,WebOS,4.2,0,salmon colored
212,Samsung,HD LED,48,916.5,70500,70500,0%,Tizen,4.0,0,salmon colored
213,Acer,Ultra HD LED,70,909.99,69999,99990,30%,Android,4.3,0,salmon colored
214,Samsung,QLED Ultra HD,50,909.87,69990,99990,30%,Tizen,4.0,0,salmon colored
215,Power Guard,QLED Ultra HD,55,909.87,69990,74990,7%,Android,4.2,0,salmon colored
216,Samsung,QLED Ultra HD,50,906.67,69744,99900,30%,Tizen,4.2,0,salmon colored
217,Haier ,Ultra HD LED,65,904.67,69590,106990,35%,Android,4.2,0,salmon colored
218,Sansui ,Ultra HD LED,55,899.6,69200,69200,0%,Android,3.7,0,salmon colored
219,Samsung,QLED Ultra HD,50,896.99,68999,112900,39%,Tizen,4.5,0,salmon colored
220,TCL ,Ultra HD LED,65,896.87,68990,127445,46%,Android,4.5,0,salmon colored
221,Samsung,HD Plasma,49,884.0,68000,68000,0%,Tizen,3.3,0,salmon colored
222,SONY ,Ultra HD LED,43,883.87,67990,74900,9%,Linux,4.7,0,salmon colored
223,LG ,Full HD LED,49,883.87,67990,67990,0%,WebOS,4.5,0,salmon colored
224,Samsung,Ultra HD LED,55,883.87,67990,86900,22%,Tizen,3.9,0,salmon colored
225,Onix ,Ultra HD LED,55,883.87,67990,67990,0%,Android,4.2,0,salmon colored
226,LG ,Full HD LED,49,874.38,67260,74900,10%,WebOS,3.6,0,salmon colored
227,LG ,Full HD LED,49,874.38,67260,74900,10%,WebOS,3.6,0,salmon colored
228,MOTOROLA,Ultra HD LED,65,870.99,66999,79999,16%,Android,4.4,0,salmon colored
229,OnePlus,Ultra HD LED,65,870.99,66999,69999,4%,Android,4.3,0,salmon colored
230,TOSHIBA,Ultra HD LED,65,870.99,66999,84990,21%,VIDAA,4.5,0,salmon colored
231,Micromax,Full HD LED,50,870.87,66990,66990,0%,Android,4.3,0,salmon colored
232,SONY ,Ultra HD LED,49,859.35,66104,129900,49%,Android,4.4,0,salmon colored
233,LG ,Ultra HD LED,55,857.99,65999,109990,40%,WebOS,4.5,0,salmon colored
234,Samsung,Full HD LED,49,857.99,65999,82500,20%,Tizen,4.3,0,salmon colored
235,Micromax,Full HD LED,49,857.87,65990,65990,0%,Android,4.4,0,salmon colored
236,LumX ,Ultra HD LED,55,856.7,65900,65900,0%,Android,4.2,0,salmon colored
237,LG ,Ultra HD LED,55,844.99,64999,93990,31%,WebOS,4.3,0,salmon colored
238,MarQ by Flipkart,Ultra HD LED,65,844.99,64999,94499,31%,Android,4.4,0,salmon colored
239,LG ,Ultra HD LED,55,844.87,64990,102990,37%,WebOS,4.3,0,salmon colored
240,Samsung,QLED Ultra HD,49,844.87,64990,101900,36%,Tizen,4.8,0,salmon colored
241,LG ,Full HD LED,49,843.7,64900,64900,0%,WebOS,4.2,0,salmon colored
242,SONY ,Ultra HD LED,49,839.79,64599,76900,16%,Android,4.6,0,salmon colored
243,Samsung,Ultra HD LED,49,838.49,64499,99900,35%,Tizen,4.5,0,salmon colored
244,Samsung,Ultra HD LED,55,835.89,64299,86900,26%,Tizen,4.6,0,salmon colored
245,TCL ,Full HD LED,65,831.99,63999,159990,60%,Android,4.3,0,salmon colored
246,TOSHIBA,Ultra HD LED,65,831.99,63999,119999,47%,VIDAA,4.2,0,salmon colored
247,LG ,Ultra HD LED,55,831.87,63990,91990,30%,WebOS,4.7,0,salmon colored
248,SONY ,Ultra HD LED,43,831.87,63990,72900,12%,Linux,4.4,0,salmon colored
249,AISEN  ,Ultra HD LED,55,830.7,63900,64900,2%,Android,4.2,0,salmon colored
250,Panasonic,Ultra HD LED,49,818.99,62999,111900,44%,Android,2.8,0,salmon colored
251,Samsung,Ultra HD LED,55,818.74,62980,80000,21%,Tizen,4.2,0,salmon colored
252,Samsung,Full HD LED,43,817.7,62900,62900,0%,Tizen,3.9,0,salmon colored
253,Panasonic,Full HD LED,32,817.7,62900,62900,0%,Android,4.2,0,salmon colored
254,OnePlus,QLED Ultra HD,55,817.69,62899,69900,10%,Android,4.6,0,salmon colored
255,LG ,Full HD LED,49,815.66,62743,71900,13%,WebOS,4.2,0,salmon colored
256,Panasonic,Ultra HD LED,55,815.59,62738,82990,24%,Linux,4.2,0,salmon colored
257,LG ,Ultra HD LED,55,812.37,62490,79990,22%,WebOS,4.0,0,salmon colored
258,LG ,Ultra HD LED,55,805.99,61999,94990,35%,WebOS,4.2,0,salmon colored
259,Samsung,Ultra HD LED,55,804.57,61890,79400,22%,Tizen,4.2,0,salmon colored
260,SONY ,Ultra HD LED,49,792.99,60999,84900,28%,Linux,4.5,0,salmon colored
261,IMPEX ,Ultra HD LED,55,791.17,60859,89990,32%,Android,4.2,0,salmon colored
262,SONY ,Full HD LED,50,783.78,60291,64900,7%,Linux,4.5,0,salmon colored
263,CloudWalker,Ultra HD LED,65,779.99,59999,94990,37%,Android,4.0,0,salmon colored
264,TCL ,QLED Ultra HD,55,779.99,59999,189990,68%,Android,3.9,0,salmon colored
265,LG ,Ultra HD LED,49,779.99,59999,110990,46%,WebOS,4.3,0,salmon colored
266,Compaq ,QLED Ultra HD,55,779.99,59999,99999,40%,Android,4.4,0,salmon colored
267,Samsung,QLED Ultra HD,43,779.87,59990,94900,37%,Tizen,4.7,0,salmon colored
268,Samsung,Ultra HD LED,55,779.87,59990,88900,33%,Tizen,4.2,0,salmon colored
269,Weston ,Ultra HD LED,55,779.87,59990,59990,0%,Android,4.2,0,salmon colored
270,Sansui ,Ultra HD LED,49,779.87,59990,59990,0%,Linux,4.2,0,salmon colored
271,Samsung,QLED Ultra HD,43,776.1,59700,82400,28%,Tizen,4.2,0,salmon colored
272,Mi ,QLED Ultra HD,55,766.99,58999,59999,2%,Android,4.4,0,salmon colored
273,LG ,Ultra HD LED,49,766.99,58999,90990,35%,WebOS,4.3,0,salmon colored
274,LG ,Full HD LED,49,766.84,58988,66900,12%,WebOS,4.0,0,salmon colored
275,TCL ,Ultra HD LED,65,753.99,57999,119990,52%,Android,4.2,0,salmon colored
276,LG ,Ultra HD LED,55,753.99,57999,89990,36%,WebOS,4.5,0,salmon colored
277,Nokia ,Ultra HD LED,65,753.99,57999,79999,28%,Android,4.3,0,salmon colored
278,LG ,HD Plasma,50,753.87,57990,57990,0%,WebOS,4.2,0,salmon colored
279,LG ,HD Plasma,50,753.87,57990,57990,0%,WebOS,4.2,0,salmon colored
280,Samsung,Ultra HD LED,50,753.86,57989,73900,22%,Tizen,4.7,0,salmon colored
281,LG ,Ultra HD LED,55,743.6,57200,84990,33%,WebOS,4.2,0,salmon colored
282,Vu,Ultra HD LED,65,740.99,56999,75000,24%,Android,4.4,0,salmon colored
283,MOTOROLA,Ultra HD LED,65,740.99,56999,115399,51%,Android,4.3,0,salmon colored
284,Onida,Full HD LED,32,740.87,56990,56990,0%,Android,5.0,0,salmon colored
285,Oxygen ,Ultra HD LED,65,740.87,56990,124990,54%,Android,4.2,0,salmon colored
286,SONY ,Full HD LED,43,739.7,56900,56900,0%,Linux,4.6,0,salmon colored
287,SONY ,Ultra HD LED,43,737.36,56720,72900,22%,Linux,4.8,0,salmon colored
288,MOTOROLA,QLED Ultra HD,55,727.99,55999,63999,13%,Android,4.3,0,salmon colored
289,Blaupunkt,Ultra HD LED,65,727.99,55999,75999,26%,Android,4.2,0,salmon colored
290,Samsung,Ultra HD LED,55,727.87,55990,76900,27%,Tizen,4.3,0,salmon colored
291,Power Guard,Ultra HD LED,65,727.87,55990,89990,38%,Android,4.2,0,salmon colored
292,Lloyd ,Full HD LED,46,727.87,55990,55990,0%,Linux,5.0,0,salmon colored
293,Akai ,QLED Ultra HD,55,727.31,55947,99990,44%,Android,4.2,0,salmon colored
294,Panasonic,Ultra HD LED,55,726.57,55890,82400,32%,HomeOS,4.2,0,salmon colored
295,Samsung,Ultra HD LED,50,725.27,55790,69900,20%,Tizen,4.2,0,salmon colored
296,TCL ,Ultra HD LED,55,721.49,55499,89900,38%,Android,4.3,0,salmon colored
297,JVC,Ultra HD LED,65,715.0,55000,109000,50%,Android,4.1,0,salmon colored
298,Nokia ,QLED Ultra HD,55,714.99,54999,79999,31%,Android,4.2,0,salmon colored
299,SONY ,Ultra HD LED,49,714.99,54999,114900,52%,Linux,4.6,0,salmon colored
300,LG ,Ultra HD LED,43,714.87,54990,54990,0%,WebOS,4.4,0,salmon colored
301,IMPEX ,Full HD LED,43,714.87,54990,54990,0%,Android,4.2,0,salmon colored
302,Haier ,Ultra HD LED,55,708.49,54499,89990,39%,Android,4.6,0,salmon colored
303,Thomson,Ultra HD LED,65,701.99,53999,70499,23%,Android,4.4,0,salmon colored
304,iFFALCON by TCL,Ultra HD LED,65,701.99,53999,106990,50%,Android,4.3,0,salmon colored
305,Panasonic,Full HD LED,43,701.99,53999,59900,10%,Android,4.4,0,salmon colored
306,iFFALCON by TCL,Ultra HD LED,65,695.49,53499,156990,66%,Android,4.3,0,salmon colored
307,SONY ,Full HD LED,43,694.5,53423,53423,0%,Linux,4.4,0,salmon colored
308,Samsung,Ultra HD LED,50,691.6,53200,64990,18%,Tizen,4.2,0,salmon colored
309,Onida,Ultra HD LED,58,691.59,53199,79990,33%,Android,4.2,0,salmon colored
310,TCL ,QLED Ultra HD,55,688.99,52999,129990,59%,Android,4.4,0,salmon colored
311,LG ,Ultra HD LED,55,688.99,52999,79990,34%,WebOS,4.4,0,salmon colored
312,OnePlus,Ultra HD LED,55,688.99,52999,59999,12%,Android,4.3,0,salmon colored
313,SONY ,Full HD LED,50,688.99,52999,79900,34%,Linux,4.5,0,salmon colored
314,Samsung,Ultra HD LED,50,687.57,52890,70900,25%,Tizen,4.0,0,salmon colored
315,Samsung,Ultra HD LED,55,675.99,51999,72900,29%,Tizen,4.5,0,salmon colored
316,Lloyd ,Ultra HD LED,55,675.99,51999,99990,48%,Linux,3.7,0,salmon colored
317,Samsung,Ultra HD LED,50,675.87,51990,71400,27%,Tizen,4.3,0,salmon colored
318,Samsung,Ultra HD LED,50,675.87,51990,67069,22%,Tizen,4.0,0,salmon colored
319,Power Guard,QLED Ultra HD,50,675.87,51990,59990,13%,Android,4.2,0,salmon colored
320,Sanyo ,Ultra HD LED,55,662.99,50999,76990,34%,Linux,4.5,0,salmon colored
321,Croma ,Ultra HD LED,55,662.87,50990,75000,32%,FireTV OS,4.2,0,salmon colored
322,Panasonic,Ultra HD LED,55,656.49,50499,65490,23%,Linux,4.2,0,salmon colored
323,BPL ,Ultra HD LED,55,656.37,50490,73000,31%,Android,4.2,0,salmon colored
324,Vu,Ultra HD LED,50,650.0,50000,50000,0%,Android,4.4,0,salmon colored
325,OnePlus,Ultra HD LED,55,649.99,49999,59999,17%,Android,4.3,0,salmon colored
326,LG ,Ultra HD LED,50,649.99,49999,64990,23%,WebOS,4.4,0,salmon colored
327,SONY ,Ultra HD LED,49,649.99,49999,104900,52%,Android,4.5,0,salmon colored
328,Micromax,Ultra HD LED,55,649.99,49999,69990,29%,Android,4.2,0,salmon colored
329,iFFALCON by TCL,Ultra HD LED,65,649.99,49999,99990,50%,Android,4.2,0,salmon colored
330,Samsung,Ultra HD LED,43,649.87,49990,62900,21%,Tizen,4.2,0,salmon colored
331,Onix ,Ultra HD LED,50,649.87,49990,59990,17%,Android,4.2,0,salmon colored
332,Samsung,Full HD LED,48,649.87,49990,77900,36%,Tizen,3.7,0,salmon colored
333,Weston ,Full HD LED,49,649.87,49990,49990,0%,Android,4.4,0,salmon colored
334,Intex ,Full HD LED,55,648.7,49900,49900,0%,Android,4.3,0,salmon colored
335,Sansui ,QLED Ultra HD,55,648.7,49900,72590,31%,Linux,4.3,0,salmon colored
336,Panasonic,Full HD LED,40,637.0,49000,50000,2%,Android,4.2,0,salmon colored
337,PHILIPS,Ultra HD LED,55,636.99,48999,89990,46%,Android,4.0,0,salmon colored
338,Samsung,Full HD LED,43,635.7,48900,48900,0%,Tizen,4.2,0,salmon colored
339,Mi ,Ultra HD LED,55,623.99,47999,54999,13%,Android,4.4,0,salmon colored
340,Thomson,Ultra HD LED,65,623.99,47999,79999,40%,Android,4.4,0,salmon colored
341,Sansui ,Ultra HD LED,65,623.99,47999,70290,32%,Linux,4.1,0,salmon colored
342,TCL ,QLED Ultra HD,55,623.87,47990,99990,52%,Android,4.2,0,salmon colored
343,KODAK ,Ultra HD LED,49,623.87,47990,50999,6%,Android,4.1,0,salmon colored
344,TCL ,Ultra HD LED,43,623.87,47990,47990,0%,Android,3.7,0,salmon colored
345,AISEN  ,Ultra HD LED,49,622.7,47900,48900,2%,Android,4.2,0,salmon colored
346,Haier ,Ultra HD LED,55,622.69,47899,77990,39%,Android,4.2,0,salmon colored
347,LG ,Ultra HD LED,43,617.49,47499,75343,37%,WebOS,4.5,0,salmon colored
348,TCL ,Ultra HD LED,55,617.49,47499,79990,41%,Android,3.9,0,salmon colored
349,LG ,Ultra HD LED,49,614.24,47249,73990,36%,WebOS,4.3,0,salmon colored
350,Vu,Ultra HD LED,55,610.99,46999,85000,45%,Android,4.4,0,salmon colored
351,Hisense,Ultra HD LED,55,610.99,46999,59990,22%,Android,4.5,0,salmon colored
352,Panasonic,Ultra HD LED,55,610.99,46999,109900,57%,Linux,4.2,0,salmon colored
353,realme ,Ultra HD LED,55,610.99,46999,69999,33%,Android,4.3,0,salmon colored
354,LG ,Ultra HD LED,43,610.6,46969,64990,28%,WebOS,4.2,0,salmon colored
355,Vu,Ultra HD LED,55,609.69,46899,75000,37%,Android,4.4,0,salmon colored
356,SONY ,Full HD LED,43,608.39,46799,52900,12%,Android,4.7,0,salmon colored
357,LG ,Ultra HD LED,43,605.67,46590,59990,22%,WebOS,4.5,0,salmon colored
358,Akai ,Ultra HD LED,55,602.49,46345,59990,23%,Android,4.2,0,salmon colored
359,Akai ,Ultra HD LED,55,602.49,46345,59990,23%,Android,4.2,0,salmon colored
360,Mi ,Ultra HD LED,55,597.99,45999,69999,34%,Android,4.2,0,salmon colored
361,MOTOROLA,QLED Ultra HD,50,597.99,45999,59999,23%,Android,4.3,0,salmon colored
362,TCL ,QLED Ultra HD,50,597.99,45999,109990,58%,Android,4.4,0,salmon colored
363,PHILIPS,Ultra HD LED,58,597.99,45999,89990,49%,Android,4.2,0,salmon colored
364,Samsung,Full HD LED,43,595.21,45785,45900,0%,Tizen,4.2,0,salmon colored
365,Samsung,Full HD LED,49,594.1,45700,66900,32%,Tizen,4.2,0,salmon colored
366,Samsung,Ultra HD LED,43,590.2,45400,56900,20%,Linux,4.3,0,salmon colored
367,JVC,Ultra HD LED,55,585.0,45000,69000,35%,Android,3.9,0,salmon colored
368,Samsung,HD Plasma,43,585.0,45000,45000,0%,Tizen,4.0,0,salmon colored
369,Nokia ,Ultra HD LED,55,584.99,44999,62999,29%,Android,4.4,0,salmon colored
370,SONY ,Full HD LED,49,584.99,44999,69900,36%,Android,4.5,0,salmon colored
371,iFFALCON by TCL,QLED Ultra HD,55,584.99,44999,126990,65%,Android,4.3,0,salmon colored
372,SONY ,Ultra HD LED,43,584.99,44999,66900,33%,Linux,4.5,0,salmon colored
373,Nokia ,Ultra HD LED,55,584.99,44999,59999,25%,Android,4.1,0,salmon colored
374,Lloyd ,Ultra HD LED,50,584.99,44999,84990,47%,Linux,4.3,0,salmon colored
375,Lloyd ,Ultra HD LED,50,584.99,44999,84990,47%,Linux,4.3,0,salmon colored
376,SONY ,Full HD LED,43,584.99,44999,57900,22%,Linux,4.4,0,salmon colored
377,Samsung,Ultra HD LED,43,584.87,44990,78000,42%,Tizen,4.2,0,salmon colored
378,LG ,Ultra HD LED,50,584.87,44990,66990,33%,WebOS,4.4,0,salmon colored
379,SONY ,Full HD LED,43,583.7,44900,44900,0%,Linux,4.6,0,salmon colored
380,SONY ,Full HD LED,43,583.7,44900,44900,0%,Linux,4.6,0,salmon colored
381,Samsung,Ultra HD LED,43,583.31,44870,54900,18%,Tizen,4.2,0,salmon colored
382,iFFALCON by TCL,Ultra HD LED,55,571.99,43999,73990,41%,Android,4.4,0,salmon colored
383,OnePlus,Ultra HD LED,50,571.99,43999,49999,12%,Android,4.3,0,salmon colored
384,Samsung,Ultra HD LED,43,568.76,43751,77900,44%,Tizen,4.4,0,salmon colored
385,LG ,Ultra HD LED,43,566.79,43599,59990,27%,WebOS,4.2,0,salmon colored
386,LG ,Ultra HD LED,43,566.79,43599,59990,27%,WebOS,4.2,0,salmon colored
387,SONY ,Full HD LED,43,565.37,43490,44900,3%,Linux,4.5,0,salmon colored
388,Mi ,Ultra HD LED,55,565.2,43477,44999,3%,Android,4.2,0,salmon colored
389,Panasonic,Ultra HD LED,49,562.37,43259,66900,35%,HomeOS,4.2,0,salmon colored
390,Mi ,Ultra HD LED,55,558.99,42999,49999,14%,Android,4.3,0,salmon colored
391,PHILIPS,Ultra HD LED,50,558.99,42999,79990,46%,Android,4.0,0,salmon colored
392,Haier ,Full HD LED,50,558.99,42999,59990,28%,Android,4.2,0,salmon colored
393,Panasonic,Full HD LED,49,558.99,42999,72900,41%,Linux,4.2,0,salmon colored
394,MOTOROLA,Ultra HD LED,55,558.99,42999,61999,31%,Android,4.4,0,salmon colored
395,LG ,Ultra HD LED,43,558.87,42990,59990,28%,WebOS,4.5,0,salmon colored
396,Micromax,Ultra HD LED,49,552.37,42490,59990,29%,Android,4.2,0,salmon colored
397,BPL ,Ultra HD LED,50,552.37,42490,60000,29%,Android,4.2,0,salmon colored
398,PHILIPS,Full HD LED,42,546.0,42000,42000,0%,Android,3.8,0,salmon colored
399,Haier ,Ultra HD LED,50,546.0,42000,69990,40%,Android,4.0,0,salmon colored
400,Mi ,Ultra HD LED,50,545.99,41999,59999,30%,Android,4.2,0,salmon colored
401,TCL ,Full HD LED,55,545.99,41999,109990,62%,Android,4.3,0,salmon colored
402,Hisense,Ultra HD LED,58,545.99,41999,50990,18%,Android,4.4,0,salmon colored
403,PHILIPS,Ultra HD LED,58,545.99,41999,119990,65%,Android,4.2,0,salmon colored
404,Vu,Ultra HD LED,55,545.99,41999,58000,28%,Android,4.4,0,salmon colored
405,Power Guard,Ultra HD LED,55,545.99,41999,58990,29%,Android,4.2,0,salmon colored
406,Samsung,Ultra HD LED,43,544.7,41900,49990,16%,Tizen,4.2,0,salmon colored
407,SONY ,Full HD LED,40,539.49,41499,51900,20%,Linux,4.6,0,salmon colored
408,LG ,Ultra HD LED,43,537.54,41349,57990,29%,WebOS,4.2,0,salmon colored
409,Vu,Ultra HD LED,50,532.99,40999,65000,37%,Android,4.4,0,salmon colored
410,SONY ,Ultra HD LED,43,532.99,40999,61900,34%,Android,4.6,0,salmon colored
411,Sansui ,Ultra HD LED,55,532.99,40999,53290,23%,Linux,4.2,0,salmon colored
412,Weston ,Ultra HD LED,43,532.87,40990,40990,0%,Android,4.3,0,salmon colored
413,TOSHIBA,Ultra HD LED,55,527.79,40599,50999,20%,VIDAA,4.3,0,salmon colored
414,LG ,Full HD LED,49,520.0,40000,65900,39%,Linux,4.2,0,salmon colored
415,Nokia ,Ultra HD LED,50,519.99,39999,59999,33%,Android,4.4,0,salmon colored
416,MOTOROLA,Ultra HD LED,50,519.99,39999,54999,27%,Android,4.3,0,salmon colored
417,Nokia ,Ultra HD LED,55,519.99,39999,59999,33%,Android,4.3,0,salmon colored
418,realme ,Ultra HD LED,50,519.99,39999,42999,7%,Android,4.3,0,salmon colored
419,TCL ,Ultra HD LED,55,519.99,39999,75990,47%,Android,4.4,0,salmon colored
420,Blaupunkt,Ultra HD LED,55,519.99,39999,55999,29%,Android,4.7,0,salmon colored
421,Samsung,Full HD LED,43,519.99,39999,49900,20%,Tizen,4.3,0,salmon colored
422,Sanyo ,Ultra HD LED,49,519.99,39999,64990,38%,Linux,3.9,0,salmon colored
423,MOTOROLA,Ultra HD LED,55,519.99,39999,61600,35%,Android,4.3,0,salmon colored
424,Acer,Ultra HD LED,55,519.99,39999,54990,27%,Android,3.8,0,salmon colored
425,Lloyd ,Full HD LED,48,519.99,39999,50990,22%,Linux,4.2,0,salmon colored
426,LG ,Full HD LED,43,510.77,39290,49990,21%,WebOS,4.2,0,salmon colored
427,Onix ,Full HD LED,43,507.0,39000,46990,17%,Android,4.2,0,salmon colored
428,PHILIPS,Ultra HD LED,50,506.99,38999,69990,44%,Linux,4.2,0,salmon colored
429,Acer,Ultra HD LED,58,506.99,38999,59990,35%,Android,4.0,0,salmon colored
430,Samsung,Ultra HD LED,43,506.99,38999,48900,20%,Tizen,4.3,0,salmon colored
431,Samsung,Ultra HD LED,43,506.87,38990,54900,29%,Tizen,4.3,0,salmon colored
432,Samsung,Full HD LED,43,506.87,38990,56945,32%,Tizen,4.2,0,salmon colored
433,LG ,Full HD LED,43,505.69,38899,45900,15%,WebOS,3.7,0,salmon colored
434,Haier ,Ultra HD LED,50,501.67,38590,54990,30%,Android,4.3,0,salmon colored
435,TCL ,Ultra HD LED,55,498.63,38356,89990,57%,Android,4.2,0,salmon colored
436,TOSHIBA,Ultra HD LED,55,493.99,37999,54990,31%,VIDAA,4.3,0,salmon colored
437,Panasonic,Ultra HD LED,50,493.99,37999,42990,12%,Android,4.2,0,salmon colored
438,PHILIPS,Ultra HD LED,50,493.99,37999,105990,64%,Android,4.2,0,salmon colored
439,JVC,Ultra HD LED,55,493.99,37999,59999,37%,Android,4.1,0,salmon colored
440,Weston ,Full HD LED,43,493.87,37990,37990,0%,Android,3.9,0,salmon colored
441,SONY ,Full HD LED,52,492.7,37900,37900,0%,Linux,4.6,0,salmon colored
442,LG ,Ultra HD LED,43,492.57,37890,49990,24%,WebOS,4.5,0,salmon colored
443,Sharp ,Ultra HD LED,50,486.15,37396,79990,53%,Linux,4.2,0,salmon colored
444,TCL ,Ultra HD LED,55,485.15,37319,51990,28%,Linux,4.3,0,salmon colored
445,Vu,Ultra HD LED,50,484.3,37254,60000,38%,Android,4.3,0,salmon colored
446,Hisense,Ultra HD LED,55,480.99,36999,49990,26%,Android,4.4,0,salmon colored
447,KODAK ,Ultra HD LED,55,480.99,36999,47999,23%,Android,4.4,0,salmon colored
448,iFFALCON by TCL,Ultra HD LED,55,480.99,36999,59990,38%,Android,4.3,0,salmon colored
449,Samsung,Ultra HD LED,43,480.99,36999,66900,45%,Tizen,4.5,0,salmon colored
450,Samsung,Full HD LED,43,480.99,36999,58900,37%,Tizen,4.3,0,salmon colored
451,Panasonic,Full HD LED,43,480.99,36999,49900,26%,Android,4.4,0,salmon colored
452,CloudWalker,Ultra HD LED,55,480.99,36999,61990,40%,Android,4.1,0,salmon colored
453,LG ,Ultra HD LED,43,480.99,36999,55990,34%,WebOS,4.5,0,salmon colored
454,HUIDI ,Ultra HD LED,55,480.99,36999,46999,21%,Android,4.2,0,salmon colored
455,Sansui ,Ultra HD LED,50,480.87,36990,45190,18%,Android,4.5,0,salmon colored
456,Samsung,Full HD LED,43,480.87,36990,38900,5%,Tizen,4.1,0,salmon colored
457,LG ,Ultra HD LED,43,480.87,36990,52990,30%,WebOS,4.4,0,salmon colored
458,Samsung,Full HD LED,50,479.7,36900,36900,0%,Tizen,3.8,0,salmon colored
459,Samsung,Full HD LED,43,479.57,36890,45900,20%,Tizen,4.7,0,salmon colored
460,Samsung,Full HD LED,43,475.54,36580,39900,8%,Tizen,4.3,0,salmon colored
461,Samsung,Full HD LED,43,474.68,36514,46900,22%,Tizen,4.5,0,salmon colored
462,LG ,Full HD LED,43,474.49,36499,41990,13%,WebOS,4.4,0,salmon colored
463,IMPEX ,Full HD LED,43,472.93,36379,52990,31%,HomeOS,4.0,0,salmon colored
464,Samsung,Ultra HD LED,43,469.38,36106,69900,48%,Tizen,4.3,0,salmon colored
465,Mi ,Ultra HD LED,50,467.99,35999,41999,14%,Android,4.3,0,salmon colored
466,iFFALCON by TCL,Ultra HD LED,55,467.99,35999,106990,66%,Android,4.3,0,salmon colored
467,Nokia ,Ultra HD LED,50,467.99,35999,54999,35%,Android,4.3,0,salmon colored
468,MOTOROLA,Ultra HD LED,43,467.99,35999,49999,28%,Android,4.4,0,salmon colored
469,Panasonic,Ultra HD LED,43,467.99,35999,84900,58%,Linux,4.4,0,salmon colored
470,Samsung,Ultra HD LED,43,467.99,35999,52900,32%,Tizen,4.5,0,salmon colored
471,Intex ,Full HD LED,43,467.99,35999,35999,0%,Android,4.2,0,salmon colored
472,Croma ,Ultra HD LED,43,467.87,35990,50000,28%,FireTV OS,5.0,0,salmon colored
473,Oxygen ,Ultra HD LED,50,467.87,35990,52990,32%,Android,4.2,0,salmon colored
474,RGL ,Full HD LED,50,467.87,35990,39990,10%,HomeOS,3.9,0,salmon colored
475,Onida,Full HD LED,32,467.87,35990,35990,0%,Android,4.7,0,salmon colored
476,Onix ,Full HD LED,39,467.87,35990,35990,0%,Android,4.2,0,salmon colored
477,Samsung,HD LED,32,464.1,35700,35700,0%,Tizen,3.3,0,salmon colored
478,DETEL ,Ultra HD LED,55,457.59,35199,89000,60%,Android,4.0,0,salmon colored
479,Thomson,Ultra HD LED,55,454.99,34999,46999,26%,Android,4.2,0,salmon colored
480,Coocaa ,Ultra HD LED,55,454.99,34999,73990,53%,Android,4.3,0,salmon colored
481,Acer,Ultra HD LED,50,454.99,34999,44990,22%,Android,3.6,0,salmon colored
482,Thomson,Ultra HD LED,55,454.99,34999,46999,26%,Android,4.3,0,salmon colored
483,TCL ,Full HD LED,50,454.99,34999,89990,61%,Android,4.3,0,salmon colored
484,Haier ,Ultra HD LED,43,454.99,34999,43990,20%,Android,4.1,0,salmon colored
485,Sansui ,Ultra HD LED,43,454.99,34999,34999,0%,Android,4.3,0,salmon colored
486,MOTOROLA,Ultra HD LED,50,454.99,34999,54050,35%,Android,4.3,0,salmon colored
487,Samsung,Full HD LED,43,454.99,34999,58900,41%,Tizen,4.5,0,salmon colored
488,Lloyd ,Full HD LED,43,454.87,34990,48990,29%,Linux,4.2,0,salmon colored
489,Acer,Ultra HD LED,43,454.87,34990,34990,0%,Android,3.8,0,salmon colored
490,Lloyd ,Full HD LED,43,454.87,34990,48990,29%,Linux,4.2,0,salmon colored
491,Power Guard,Ultra HD LED,49,453.7,34900,54990,37%,Android,4.2,0,salmon colored
492,Panasonic,Full HD LED,40,450.31,34639,39900,13%,Android,4.1,0,salmon colored
493,Blaupunkt,Ultra HD LED,50,448.49,34499,47999,28%,Android,4.7,0,salmon colored
494,KODAK ,Ultra HD LED,55,448.49,34499,39990,14%,Android,4.3,0,salmon colored
495,TCL ,Ultra HD LED,50,441.99,33999,62990,46%,Android,4.4,0,salmon colored
496,TOSHIBA,Ultra HD LED,50,441.99,33999,46990,28%,VIDAA,4.3,0,salmon colored
497,TCL ,Ultra HD LED,50,441.99,33999,62990,46%,Android,4.4,0,salmon colored
498,Lloyd ,Ultra HD LED,43,441.99,33999,69990,51%,Linux,4.2,0,salmon colored
499,AISEN  ,Ultra HD LED,43,441.35,33950,34950,3%,Android,4.2,0,salmon colored
500,LG ,Full HD LED,43,435.37,33490,40990,18%,WebOS,4.4,0,salmon colored
501,PHILIPS,Full HD LED,43,434.97,33459,36990,10%,Android,4.5,0,salmon colored
502,Onida,Ultra HD LED,43,431.47,33190,52900,37%,Android,4.2,0,salmon colored
503,Samsung,Full HD LED,40,429.0,33000,43850,25%,Tizen,3.8,0,salmon colored
504,iFFALCON by TCL,Ultra HD LED,55,428.99,32999,70990,54%,Android,4.3,0,salmon colored
505,Nokia ,Ultra HD LED,43,428.99,32999,48999,33%,Android,4.4,0,salmon colored
506,Thomson,Ultra HD LED,50,428.99,32999,40999,20%,Android,4.4,0,salmon colored
507,MOTOROLA,Ultra HD LED,43,428.99,32999,46999,30%,Android,4.3,0,salmon colored
508,Samsung,Full HD LED,43,428.99,32999,53900,39%,Tizen,4.4,0,salmon colored
509,KODAK ,Ultra HD LED,50,428.99,32999,42999,23%,Android,4.4,0,salmon colored
510,Compaq ,Ultra HD LED,50,428.99,32999,39999,18%,Android,4.4,0,salmon colored
511,Mi ,Full HD LED,49,428.92,32994,32999,0%,Android,4.4,0,salmon colored
512,SONY ,HD LED,32,427.7,32900,32900,0%,Linux,4.4,0,salmon colored
513,LG ,Full HD LED,32,422.85,32527,38900,16%,WebOS,4.3,0,salmon colored
514,Mi ,Ultra HD LED,43,415.99,31999,49999,36%,Android,4.2,0,salmon colored
515,Nokia ,Ultra HD LED,43,415.99,31999,45999,30%,Android,4.1,0,salmon colored
516,Thomson,Ultra HD LED,50,415.99,31999,42999,26%,Android,4.2,0,salmon colored
517,SONY ,Full HD LED,40,415.99,31999,37990,16%,Android,4.3,0,salmon colored
518,iFFALCON by TCL,Ultra HD LED,55,415.99,31999,70990,55%,Android,4.4,0,salmon colored
519,Coocaa ,Ultra HD LED,55,415.99,31999,69999,54%,Android,4.3,0,salmon colored
520,Croma ,Full HD LED,43,415.87,31990,40000,20%,Android,4.2,0,salmon colored
521,Samsung,Full HD LED,43,415.87,31990,38900,18%,Tizen,4.4,0,salmon colored
522,SONY ,Full HD LED,32,415.87,31990,39990,20%,Linux,4.5,0,salmon colored
523,LG ,Full HD LED,32,415.87,31990,31990,0%,WebOS,4.4,0,salmon colored
524,Coocaa ,Ultra HD LED,50,409.49,31499,64990,52%,Android,4.3,0,salmon colored
525,Vu,Ultra HD LED,43,403.0,31000,39999,22%,Android,4.4,0,salmon colored
526,IMPEX ,Full HD LED,50,403.0,31000,49990,38%,Android,4.2,0,salmon colored
527,Hisense,Ultra HD LED,43,402.99,30999,36990,16%,Android,4.4,0,salmon colored
528,Vu,Ultra HD LED,43,402.99,30999,36000,14%,Android,4.3,0,salmon colored
529,KODAK ,Ultra HD LED,50,402.99,30999,33999,9%,Android,4.3,0,salmon colored
530,MOTOROLA,Ultra HD LED,43,402.99,30999,46050,33%,Android,4.3,0,salmon colored
531,Haier ,Full HD LED,42,402.99,30999,44990,31%,Android,5.0,0,salmon colored
532,Croma ,Full HD LED,43,402.87,30990,40000,23%,FireTV OS,4.2,0,salmon colored
533,Haier ,Full HD LED,43,402.87,30990,38642,20%,Android,4.5,0,salmon colored
534,Panasonic,Full HD LED,43,399.66,30743,50900,40%,Android,4.3,0,salmon colored
535,Panasonic,Full HD LED,43,399.66,30743,50900,40%,Android,4.3,0,salmon colored
536,Haier ,Full HD LED,43,396.37,30490,38990,22%,Android,4.3,0,salmon colored
537,Sansui ,Ultra HD LED,43,396.37,30490,35350,14%,Linux,4.1,0,salmon colored
538,Panasonic,Ultra HD LED,43,390.01,30001,79900,62%,HomeOS,4.3,0,salmon colored
539,TCL ,Ultra HD LED,43,389.99,29999,51990,42%,Linux,4.4,0,salmon colored
540,PHILIPS,Full HD LED,43,389.99,29999,44990,33%,Android,4.2,0,salmon colored
541,TCL ,Ultra HD LED,43,389.99,29999,55990,46%,Linux,4.1,0,salmon colored
542,iFFALCON by TCL,Ultra HD LED,43,389.99,29999,76990,61%,Android,4.3,0,salmon colored
543,TOSHIBA,Full HD LED,49,389.99,29999,51999,42%,VIDAA,4.2,0,salmon colored
544,SONY ,Full HD LED,40,389.99,29999,49900,40%,Linux,4.4,0,salmon colored
545,Hisense,Ultra HD LED,43,389.87,29990,36990,19%,Android,4.3,0,salmon colored
546,Onix ,Full HD LED,43,389.87,29990,38790,23%,Android,4.9,0,salmon colored
547,Onida,Full HD LED,49,389.87,29990,50990,41%,Android,4.4,0,salmon colored
548,LumX ,HD LED,40,389.87,29990,29990,0%,Android,4.2,0,salmon colored
549,Micromax,Full HD LED,40,389.87,29990,29990,0%,Android,4.0,0,salmon colored
550,Vu,Ultra HD LED,55,389.35,29950,49990,40%,Linux,4.4,0,salmon colored
551,Samsung,HD LED,32,388.7,29900,29900,0%,Tizen,3.8,0,salmon colored
552,Onida,Ultra HD LED,43,387.4,29800,49990,40%,Android,4.1,0,salmon colored
553,IMPEX ,HD LED,32,387.27,29790,29790,0%,HomeOS,4.2,0,salmon colored
554,Intex ,Full HD LED,50,383.49,29499,39999,26%,Android,3.8,0,salmon colored
555,Sansui ,Ultra HD LED,43,383.37,29490,32290,9%,Android,4.1,0,salmon colored
556,G-TEN ,Ultra HD LED,55,382.19,29399,65990,55%,Android,3.9,0,salmon colored
557,Blaupunkt,Ultra HD LED,55,379.59,29199,60000,51%,Android,3.8,0,salmon colored
558,IMPEX ,HD LED,39,378.03,29079,39990,27%,HomeOS,4.2,0,salmon colored
559,Blaupunkt,Ultra HD LED,43,376.99,28999,41999,31%,Android,4.7,0,salmon colored
560,PHILIPS,Full HD LED,43,376.99,28999,35990,19%,Linux,4.1,0,salmon colored
561,TOSHIBA,Ultra HD LED,43,376.99,28999,38999,26%,VIDAA,4.2,0,salmon colored
562,Onida,Full HD LED,43,376.99,28999,33990,15%,Android,4.1,0,salmon colored
563,Blaupunkt,Ultra HD LED,49,376.99,28999,55000,47%,Android,4.1,0,salmon colored
564,iFFALCON by TCL,Ultra HD LED,50,376.99,28999,58990,51%,Android,4.3,0,salmon colored
565,PHILIPS,Full HD LED,43,376.99,28999,35990,19%,Linux,4.0,0,salmon colored
566,BPL ,HD LED,43,376.87,28990,35999,19%,Android,4.2,0,salmon colored
567,Coocaa ,Ultra HD LED,50,376.87,28990,53990,46%,Android,4.1,0,salmon colored
568,IMPEX ,HD LED,32,372.97,28690,28690,0%,HomeOS,4.2,0,salmon colored
569,Adsun,Ultra HD LED,55,370.49,28499,54999,48%,Android,3.8,0,salmon colored
570,LG ,HD LED,32,369.21,28401,30990,8%,WebOS,4.4,0,salmon colored
571,Panasonic,HD LED,32,369.19,28399,28400,0%,Android,4.2,0,salmon colored
572,IMPEX ,HD LED,40,369.19,28399,45990,38%,HomeOS,4.2,0,salmon colored
573,LG ,HD LED,32,368.04,28311,30900,8%,WebOS,3.7,0,salmon colored
574,Haier ,Full HD LED,42,367.12,28240,43990,36%,Android,5.0,0,salmon colored
575,Mi ,Ultra HD LED,43,363.99,27999,34999,20%,Android,4.3,0,salmon colored
576,TOSHIBA,Ultra HD LED,43,363.99,27999,39990,30%,VIDAA,4.3,0,salmon colored
577,Thomson,Ultra HD LED,43,363.99,27999,37999,26%,Android,4.4,0,salmon colored
578,MOTOROLA,Full HD LED,43,363.99,27999,35500,21%,Android,4.3,0,salmon colored
579,Vu,Ultra HD LED,50,363.99,27999,55000,49%,Android,4.4,0,salmon colored
580,Oxygen ,Ultra HD LED,43,363.99,27999,42990,35%,Android,4.2,0,salmon colored
581,Panasonic,Full HD LED,43,363.87,27990,56900,51%,Android,4.1,0,salmon colored
582,Weston ,Full HD LED,40,363.87,27990,27990,0%,Android,4.4,0,salmon colored
583,TCL ,Ultra HD LED,43,362.56,27889,52990,47%,Android,4.4,0,salmon colored
584,Dyanora,Ultra HD LED,50,358.79,27599,40999,33%,Android,4.2,0,salmon colored
585,Sansui ,Full HD LED,43,357.37,27490,33990,19%,Android,4.1,0,salmon colored
586,Panasonic,HD LED,32,356.19,27399,27400,0%,Android,4.4,0,salmon colored
587,TCL ,Full HD LED,43,353.47,27190,47990,43%,Android,4.3,0,salmon colored
588,IMPEX ,Full HD LED,43,351.51,27039,32039,16%,HomeOS,4.0,0,salmon colored
589,realme ,Ultra HD LED,43,350.99,26999,32999,18%,Android,4.3,0,salmon colored
590,Nokia ,Full HD LED,43,350.99,26999,39999,33%,Android,4.2,0,salmon colored
591,T-Series,Full HD LED,43,350.99,26999,33990,21%,Android,4.2,0,salmon colored
592,Panasonic,HD LED,32,350.99,26999,29900,10%,Android,4.2,0,salmon colored
593,Panasonic,HD LED,32,350.99,26999,29900,10%,Android,4.2,0,salmon colored
594,HUIDI ,Ultra HD LED,49,350.99,26999,36999,27%,Android,4.5,0,salmon colored
595,TCL ,Full HD LED,40,350.87,26990,39990,33%,Android,4.2,0,salmon colored
596,SONY ,HD LED,32,350.87,26990,29900,10%,Linux,4.4,0,salmon colored
597,JVC,Ultra HD LED,43,350.87,26990,52000,48%,Android,4.3,0,salmon colored
598,Samsung,HD LED,32,349.7,26900,26900,0%,Tizen,4.0,0,salmon colored
599,SONY ,HD LED,32,342.86,26374,29800,11%,Android,4.4,0,salmon colored
600,Vu,Ultra HD LED,50,342.68,26360,41990,37%,Linux,4.4,0,salmon colored
601,OnePlus,Full HD LED,43,337.99,25999,29999,13%,Android,4.3,0,salmon colored
602,Mi ,Full HD LED,43,337.99,25999,31999,19%,Android,4.3,0,salmon colored
603,KODAK ,Ultra HD LED,43,337.99,25999,37999,32%,Android,4.4,0,salmon colored
604,TCL ,Ultra HD LED,43,337.99,25999,48990,47%,Linux,4.1,0,salmon colored
605,LG ,Full HD LED,43,337.99,25999,35990,28%,WebOS,4.3,0,salmon colored
606,Blaupunkt,Ultra HD LED,49,337.99,25999,45000,42%,Android,4.0,0,salmon colored
607,Coocaa ,Ultra HD LED,50,337.99,25999,59990,57%,Android,4.3,0,salmon colored
608,Sansui ,Full HD LED,49,337.99,25999,49999,48%,Android,4.3,0,salmon colored
609,Lloyd ,Ultra HD LED,42,337.87,25990,59900,57%,Linux,3.5,0,salmon colored
610,SONY ,HD LED,32,337.87,25990,31990,19%,Linux,4.4,0,salmon colored
611,Haier ,Full HD LED,40,332.67,25590,36990,31%,Android,4.7,0,salmon colored
612,SONY ,HD LED,32,331.37,25490,29900,15%,Linux,4.5,0,salmon colored
613,Lloyd ,Full HD LED,43,331.37,25490,39000,35%,Linux,4.2,0,salmon colored
614,Mi ,Full HD LED,43,324.99,24999,34999,29%,Android,4.3,0,salmon colored
615,iFFALCON by TCL,Ultra HD LED,43,324.99,24999,47990,48%,Android,4.3,0,salmon colored
616,MOTOROLA,Full HD LED,40,324.99,24999,39999,38%,Android,4.4,0,salmon colored
617,Mi ,Full HD LED,43,324.99,24999,25999,4%,Android,4.4,0,salmon colored
618,Sun King,HD LED,32,324.99,24999,49998,50%,Unknown,4.2,0,salmon colored
619,PHILIPS,Full HD LED,43,324.99,24999,55990,55%,Linux,4.0,0,salmon colored
620,CloudWalker,Ultra HD LED,43,324.99,24999,37990,34%,Android,3.9,0,salmon colored
621,Thomson,Ultra HD LED,43,324.99,24999,39999,38%,Android,4.4,0,salmon colored
622,TOSHIBA,Full HD LED,43,324.99,24999,31990,22%,VIDAA,4.2,0,salmon colored
623,VG ,Ultra HD LED,43,324.87,24990,51000,51%,Android,4.2,0,salmon colored
624,Sansui ,Full HD LED,40,324.87,24990,29290,15%,Linux,3.7,0,salmon colored
625,LG ,Full HD LED,43,324.09,24930,45674,45%,Linux,4.0,0,salmon colored
626,Samsung,Full HD LED,43,321.44,24726,45900,46%,Tizen,3.8,0,salmon colored
627,LG ,HD LED,32,312.74,24057,29990,20%,WebOS,4.3,0,salmon colored
628,Coocaa ,Ultra HD LED,43,311.99,23999,54990,56%,Android,4.3,0,salmon colored
629,Vu,Ultra HD LED,43,311.99,23999,46165,48%,Android,4.3,0,salmon colored
630,Vu,Ultra HD LED,43,311.99,23999,46165,48%,Linux,4.3,0,salmon colored
631,Micromax,Full HD LED,43,311.87,23990,33000,27%,Android,4.3,0,salmon colored
632,Onida,HD LED,39,311.87,23990,31990,25%,Android,3.9,0,salmon colored
633,Micromax,HD LED,32,311.86,23989,23990,0%,Android,4.2,0,salmon colored
634,Intex ,Full HD LED,43,307.94,23688,47990,51%,Android,4.2,0,salmon colored
635,Adsun,Ultra HD LED,50,303.54,23349,43999,47%,Android,3.8,0,salmon colored
636,Samsung,HD LED,32,299.0,23000,25900,11%,Tizen,4.4,0,salmon colored
637,Thomson,Ultra HD LED,43,298.99,22999,29999,23%,Android,4.3,0,salmon colored
638,Micromax,Full HD LED,43,298.99,22999,26990,15%,Android,3.9,0,salmon colored
639,SONY ,HD LED,32,298.99,22999,27990,18%,Linux,4.4,0,salmon colored
640,KODAK ,Full HD LED,49,298.99,22999,31990,28%,Android,4.3,0,salmon colored
641,Compaq ,Full HD LED,43,298.99,22999,29999,23%,Android,4.2,0,salmon colored
642,Panasonic,Full HD LED,32,298.87,22990,24990,8%,Android,4.2,0,salmon colored
643,Lloyd ,Full HD LED,39,298.87,22990,32990,30%,Linux,4.1,0,salmon colored
644,Lloyd ,Full HD LED,39,298.87,22990,39990,43%,Linux,3.8,0,salmon colored
645,Onida,HD LED,32,298.87,22990,22990,0%,Android,4.7,0,salmon colored
646,OnePlus,Full HD LED,40,292.49,22499,27999,20%,Android,4.3,0,salmon colored
647,TOSHIBA,Full HD LED,43,292.49,22499,26990,17%,VIDAA,4.4,0,salmon colored
648,KODAK ,Full HD LED,43,292.49,22499,24999,10%,Android,4.4,0,salmon colored
649,Vu,Full HD LED,43,292.49,22499,31000,27%,Android,4.2,0,salmon colored
650,G-TEN ,Ultra HD LED,50,292.49,22499,58890,62%,Android,3.7,0,salmon colored
651,LG ,HD LED,32,288.6,22200,25999,15%,WebOS,4.3,0,salmon colored
652,Mi ,Full HD LED,40,285.99,21999,29999,27%,Android,4.3,0,salmon colored
653,iFFALCON by TCL,Full HD LED,43,285.99,21999,44990,51%,Android,4.2,0,salmon colored
654,Acer,Full HD LED,42,285.99,21999,29990,27%,Android,3.9,0,salmon colored
655,CloudWalker,Full HD LED,43,285.99,21999,31990,31%,Android,4.0,0,salmon colored
656,Blaupunkt,Ultra HD LED,43,285.99,21999,40000,45%,Android,3.9,0,salmon colored
657,LumX ,Full HD LED,43,285.87,21990,46900,53%,Android,4.2,0,salmon colored
658,Samsung,HD LED,32,280.8,21600,22900,6%,Tizen,4.5,0,salmon colored
659,Haier ,HD LED,32,280.79,21599,25990,17%,Android,4.0,0,salmon colored
660,Sansui ,HD LED,32,279.49,21499,22990,6%,Android,4.2,0,salmon colored
661,SONY ,Full HD LED,32,275.9,21223,33900,37%,Linux,4.5,0,salmon colored
662,Panasonic,HD LED,32,274.01,21078,25490,17%,Android,4.2,0,salmon colored
663,MOTOROLA,HD LED,32,272.99,20999,29999,30%,Android,4.4,0,salmon colored
664,Blaupunkt,Full HD LED,42,272.99,20999,29999,30%,Android,4.4,0,salmon colored
665,Candes ,Full HD LED,43,272.99,20999,38490,45%,Android,4.1,0,salmon colored
666,Lloyd ,HD LED,32,272.87,20990,25900,19%,Linux,4.8,0,salmon colored
667,Croma ,HD LED,32,272.87,20990,30000,30%,Android,3.7,0,salmon colored
668,Samsung,Full HD LED,32,271.44,20880,24275,14%,Tizen,4.2,0,salmon colored
669,LG ,HD LED,32,270.09,20776,28990,28%,WebOS,4.5,0,salmon colored
670,SONY ,HD LED,32,269.59,20738,22990,10%,Android,5.0,0,salmon colored
671,Infinix,Full HD LED,43,266.49,20499,24999,18%,Android,4.2,0,salmon colored
672,Thomson,Full HD LED,42,266.49,20499,27999,27%,Android,4.3,0,salmon colored
673,KODAK ,Full HD LED,42,266.49,20499,27999,27%,Android,4.4,0,salmon colored
674,Thomson,Full HD LED,43,266.49,20499,25999,21%,Android,4.4,0,salmon colored
675,Samsung,Full HD LED,32,261.64,20126,40900,51%,Tizen,4.4,0,salmon colored
676,iFFALCON by TCL,Full HD LED,40,259.99,19999,36990,46%,Android,4.3,0,salmon colored
677,T-Series,HD LED,40,259.99,19999,28990,31%,Android,4.2,0,salmon colored
678,T-Series,HD LED,40,259.99,19999,28990,31%,Android,4.2,0,salmon colored
679,T-Series,HD LED,40,259.99,19999,28990,31%,Android,4.2,0,salmon colored
680,Samsung,Full HD LED,40,259.08,19929,43476,54%,Tizen,4.3,0,salmon colored
681,LG ,HD LED,32,258.57,19890,27990,29%,Linux,4.3,0,salmon colored
682,Intex ,HD LED,39,257.4,19800,33330,41%,Android,4.2,0,salmon colored
683,Intex ,HD LED,38,257.4,19800,34600,43%,Android,5.0,0,salmon colored
684,Onix ,HD LED,32,257.27,19790,19790,0%,Android,4.2,0,salmon colored
685,LG ,HD LED,32,254.84,19603,26490,26%,Linux,4.4,0,salmon colored
686,Samsung,HD LED,32,254.79,19599,25900,24%,Tizen,4.3,0,salmon colored
687,Thomson,Full HD LED,40,253.49,19499,21499,9%,Android,4.4,0,salmon colored
688,KODAK ,Full HD LED,40,253.49,19499,20999,7%,Android,4.4,0,salmon colored
689,Croma ,HD LED,32,253.37,19490,25000,22%,FireTV OS,4.2,0,salmon colored
690,TCL ,Full HD LED,40,253.36,19489,36419,46%,Linux,4.1,0,salmon colored
691,IMPEX ,HD LED,39,247.51,19039,26350,28%,HomeOS,4.2,0,salmon colored
692,Coocaa ,Full HD LED,42,246.99,18999,48990,61%,Android,4.2,0,salmon colored
693,Micromax,HD LED,39,246.99,18999,24990,24%,Android,3.5,0,salmon colored
694,PHILIPS,HD LED,32,246.99,18999,20990,9%,Android,4.1,0,salmon colored
695,Infinix,Full HD LED,40,246.99,18999,26990,30%,Android,4.2,0,salmon colored
696,MarQ by Flipkart,Full HD LED,40,246.99,18999,29499,36%,Linux,4.3,0,salmon colored
697,PHILIPS,HD LED,32,246.99,18999,20990,9%,Linux,4.0,0,salmon colored
698,VG ,HD LED,39,246.87,18990,26000,27%,Android,4.2,0,salmon colored
699,Micromax,Full HD LED,40,246.87,18990,36663,48%,Android,4.2,0,salmon colored
700,Lloyd ,HD LED,32,242.96,18689,26957,31%,Linux,4.2,0,salmon colored
701,Lloyd ,HD LED,32,242.96,18689,26957,31%,Linux,4.2,0,salmon colored
702,Haier ,HD LED,32,241.67,18590,31090,40%,Android,4.2,0,salmon colored
703,Dyanora,Full HD LED,42,240.49,18499,32999,44%,Android,4.2,0,salmon colored
704,T-Series,Full HD LED,40,240.49,18499,25990,29%,Android,4.2,0,salmon colored
705,Samsung,HD LED,32,240.37,18490,20900,12%,Tizen,4.3,0,salmon colored
706,Hisense,HD LED,32,240.37,18490,24990,26%,Android,4.2,0,salmon colored
707,Samsung,HD LED,32,240.37,18490,22500,18%,Tizen,4.0,0,salmon colored
708,LG ,HD LED,32,239.85,18450,19990,8%,Linux,4.2,0,salmon colored
709,Haier ,HD LED,32,237.77,18290,22990,20%,Android,4.0,0,salmon colored
710,MOTOROLA,HD LED,32,233.99,17999,21799,17%,Android,4.3,0,salmon colored
711,realme ,Full HD LED,32,233.99,17999,23999,25%,Android,4.2,0,salmon colored
712,Onida,Full HD LED,40,233.99,17999,29990,40%,Android,4.1,0,salmon colored
713,Samsung,HD LED,32,233.99,17999,23890,25%,Tizen,4.2,0,salmon colored
714,Thomson,Full HD LED,43,233.99,17999,26999,33%,Android,4.2,0,salmon colored
715,VG ,HD LED,39,233.99,17999,31000,42%,Android,4.2,0,salmon colored
716,AISEN  ,HD LED,40,233.87,17990,24990,28%,Android,3.3,0,salmon colored
717,AISEN  ,Full HD LED,32,233.87,17990,31900,44%,Android,4.2,0,salmon colored
718,CloudWalker,HD LED,32,233.86,17989,17990,0%,Android,4.3,0,salmon colored
719,Akai ,HD LED,32,227.5,17500,23190,25%,Android,4.2,0,salmon colored
720,LG ,HD LED,32,227.49,17499,21990,20%,Linux,4.4,0,salmon colored
721,TOSHIBA,HD LED,32,227.49,17499,18990,8%,VIDAA,4.3,0,salmon colored
722,Hisense,HD LED,32,227.49,17499,17990,3%,Android,4.2,0,salmon colored
723,Samsung,HD LED,32,227.49,17499,20900,16%,Tizen,4.3,0,salmon colored
724,CloudWalker,Full HD LED,43,227.49,17499,32990,47%,Android,4.3,0,salmon colored
725,Thomson,HD LED,32,220.99,16999,16999,0%,Android,4.1,0,salmon colored
726,HUIDI ,HD LED,40,220.99,16999,27999,39%,Android,4.0,0,salmon colored
727,Vu,Full HD LED,40,220.99,16999,32175,47%,Android,4.4,0,salmon colored
728,Vu,Full HD LED,40,220.99,16999,27000,37%,Linux,4.4,0,salmon colored
729,Sansui ,HD LED,32,220.87,16990,20990,19%,Linux,4.1,0,salmon colored
730,JVC,HD LED,32,220.87,16990,21000,19%,Android,4.1,0,salmon colored
731,Micromax,HD LED,32,218.73,16825,23990,30%,Android,4.3,0,salmon colored
732,MURPHY ,Full HD LED,32,218.39,16799,17999,7%,Android,2.6,0,salmon colored
733,Nokia ,HD LED,32,214.49,16499,19999,18%,Android,4.3,0,salmon colored
734,TCL ,HD LED,32,214.49,16499,29990,45%,Android,4.2,0,salmon colored
735,BPL ,HD LED,32,214.49,16499,27000,39%,Android,3.7,0,salmon colored
736,T-Series,HD LED,32,214.49,16499,18990,13%,Android,3.9,0,salmon colored
737,RGL ,Full HD LED,39,214.37,16490,29990,45%,HomeOS,3.9,0,salmon colored
738,G-TEN ,Full HD LED,43,214.37,16490,47990,66%,Android,3.8,0,salmon colored
739,Lloyd ,HD LED,31,214.31,16485,22990,28%,Linux,4.3,0,salmon colored
740,Samsung,HD LED,32,211.77,16290,16400,1%,Tizen,4.3,0,salmon colored
741,OnePlus,HD LED,32,207.99,15999,19999,20%,Android,4.3,0,salmon colored
742,Mi ,HD LED,32,207.99,15999,15999,0%,Android,4.4,0,salmon colored
743,Candes ,Full HD LED,40,207.99,15999,29990,47%,Android,4.1,0,salmon colored
744,Candes ,Full HD LED,40,207.99,15999,29990,47%,Android,4.1,0,salmon colored
745,Candes ,Full HD LED,40,207.99,15999,29990,47%,Android,4.1,0,salmon colored
746,Candes ,Full HD LED,40,207.99,15999,29990,47%,Android,4.1,0,salmon colored
747,Candes ,Full HD LED,40,207.99,15999,29990,47%,Android,4.1,0,salmon colored
748,Blaupunkt,Full HD LED,43,207.99,15999,32000,50%,Android,4.2,0,salmon colored
749,Blaupunkt,Full HD LED,40,207.99,15999,28000,43%,Android,4.1,0,salmon colored
750,T-Series,HD LED,32,207.99,15999,20990,24%,Android,4.2,0,salmon colored
751,Micromax,HD LED,32,207.87,15990,22990,30%,Android,4.2,0,salmon colored
752,Onix ,HD LED,32,207.87,15990,16990,6%,Android,4.2,0,salmon colored
753,Croma ,HD LED,32,207.87,15990,20000,20%,Android,4.2,0,salmon colored
754,T-Series,HD LED,32,207.87,15990,16990,6%,Linux,4.2,0,salmon colored
755,G-TEN ,HD LED,40,207.87,15990,35890,55%,Android,3.7,0,salmon colored
756,Samsung,Full HD LED,32,207.87,15990,34900,54%,Tizen,4.2,0,salmon colored
757,Haier ,HD LED,39,207.87,15990,31999,50%,Android,4.3,0,salmon colored
758,VG ,HD LED,32,207.87,15990,20500,22%,Android,4.2,0,salmon colored
759,Sharp ,HD LED,32,207.87,15990,22500,29%,Linux,3.0,0,salmon colored
760,Adsun,HD LED,39,204.09,15699,21999,29%,Android,3.8,0,salmon colored
761,Power Guard,HD LED,32,203.45,15650,28990,46%,Android,4.2,0,salmon colored
762,LG ,HD LED,24,202.18,15552,16900,8%,Linux,2.0,0,salmon colored
763,Mi ,HD LED,32,201.49,15499,19999,23%,Android,4.3,0,salmon colored
764,Power Guard,HD LED,32,201.49,15499,24990,38%,Android,4.2,0,salmon colored
765,TCL ,HD LED,32,201.49,15499,22990,33%,Android,4.2,0,salmon colored
766,Dyanora,HD LED,40,201.49,15499,23999,35%,Android,2.4,0,salmon colored
767,KODAK ,Full HD LED,40,201.49,15499,31990,52%,Android,4.3,0,salmon colored
768,TCL ,HD LED,32,201.49,15499,25990,40%,Linux,4.1,0,salmon colored
769,Sansui ,HD LED,32,198.77,15290,20990,27%,Linux,4.2,0,salmon colored
770,Sansui ,HD LED,32,198.77,15290,20990,27%,Linux,4.2,0,salmon colored
771,Samsung,HD LED,32,197.73,15210,27900,45%,Tizen,4.3,0,salmon colored
772,Samsung,HD LED,24,197.6,15200,15200,0%,Tizen,4.2,0,salmon colored
773,TCL ,HD LED,32,195.0,15000,29990,50%,Android,4.2,0,salmon colored
774,Mi ,HD LED,32,194.99,14999,19999,25%,Android,4.4,0,salmon colored
775,Mi ,HD LED,32,194.99,14999,19999,25%,Android,4.3,0,salmon colored
776,Mi ,HD LED,32,194.99,14999,14999,0%,Android,4.4,0,salmon colored
777,Acer,HD LED,32,194.99,14999,22990,35%,Android,3.9,0,salmon colored
778,Micromax,HD LED,32,194.99,14999,27990,46%,Android,4.1,0,salmon colored
779,Vu,HD LED,32,194.99,14999,15000,0%,Android,4.3,0,salmon colored
780,CloudWalker,Full HD LED,39,194.99,14999,26990,44%,Android,4.2,0,salmon colored
781,Acer,HD LED,32,194.99,14999,22990,35%,Android,3.9,0,salmon colored
782,Croma ,HD LED,32,194.87,14990,25000,40%,FireTV OS,4.2,0,salmon colored
783,G-TEN ,Full HD LED,43,194.87,14990,38990,62%,Android,3.5,0,salmon colored
784,Onida,HD LED,32,194.87,14990,25000,40%,Android,4.1,0,salmon colored
785,Lloyd ,HD LED,32,194.87,14990,19990,25%,Linux,4.3,0,salmon colored
786,Onix ,HD LED,39,194.87,14990,26349,43%,Android,3.7,0,salmon colored
787,LG ,HD LED,24,192.02,14771,15900,7%,Linux,4.4,0,salmon colored
788,LG ,HD LED,24,188.44,14495,14500,0%,Linux,4.4,0,salmon colored
789,TCL ,HD LED,32,186.41,14339,22990,38%,Android,4.3,0,salmon colored
790,SONY ,HD LED,32,182.3,14023,25900,46%,Android,4.4,0,salmon colored
791,realme ,HD LED,32,181.99,13999,17999,22%,Android,4.3,0,salmon colored
792,Acer,HD LED,32,181.99,13999,19990,30%,Android,3.9,0,salmon colored
793,Micromax,HD LED,32,181.99,13999,24990,44%,Android,3.7,0,salmon colored
794,Vu,HD LED,32,181.99,13999,19000,26%,Android,4.3,0,salmon colored
795,Compaq ,HD LED,32,181.99,13999,15999,13%,Android,4.2,0,salmon colored
796,Croma ,HD LED,32,181.92,13994,20000,30%,Android,3.6,0,salmon colored
797,Croma ,HD LED,32,181.92,13994,20000,30%,Android,3.6,0,salmon colored
798,iFFALCON by TCL,HD LED,32,181.87,13990,18990,26%,Android,4.2,0,salmon colored
799,Samsung,HD LED,32,181.87,13990,28900,52%,Tizen,4.5,0,salmon colored
800,MURPHY ,Full HD LED,32,181.87,13990,14999,7%,Unknown,3.7,0,salmon colored
801,LG ,HD LED,28,181.29,13945,17990,22%,Linux,4.4,0,salmon colored
802,LG ,Full HD LED,22,181.13,13933,14500,4%,Linux,4.6,0,salmon colored
803,Adsun,HD LED,39,178.09,13699,22999,40%,Android,3.8,0,salmon colored
804,Thomson,HD LED,32,175.49,13499,15499,13%,Android,4.4,0,salmon colored
805,MarQ by Flipkart,HD LED,32,175.49,13499,15499,13%,Android,4.1,0,salmon colored
806,Power Guard,HD LED,32,172.9,13300,19990,33%,Android,4.2,0,salmon colored
807,Power Guard,HD LED,32,172.9,13300,19990,33%,HomeOS,4.2,0,salmon colored
808,Micromax,HD LED,32,172.89,13299,19900,33%,Android,4.4,0,salmon colored
809,Lloyd ,HD LED,24,171.6,13200,14990,12%,Linux,2.5,0,salmon colored
810,realme ,HD LED,32,168.99,12999,21999,41%,Android,4.3,0,salmon colored
811,KODAK ,HD LED,32,168.99,12999,18499,30%,Android,4.4,0,salmon colored
812,Blaupunkt,HD LED,32,168.99,12999,19499,33%,Android,4.4,0,salmon colored
813,G-TEN ,HD LED,40,168.99,12999,26350,51%,Android,3.9,0,salmon colored
814,JVC,HD LED,24,168.99,12999,12999,0%,Android,3.8,0,salmon colored
815,Micromax,HD LED,32,168.87,12990,25075,48%,Android,4.0,0,salmon colored
816,MURPHY ,Full HD LED,32,168.87,12990,16990,24%,Unknown,4.2,0,salmon colored
817,AISEN  ,HD LED,32,168.87,12990,13990,7%,Android,4.2,0,salmon colored
818,G-TEN ,HD LED,32,168.87,12990,19990,35%,Android,3.8,0,salmon colored
819,Intex ,HD LED,32,165.09,12699,27990,55%,Android,3.6,0,salmon colored
820,TOSHIBA,HD LED,32,162.49,12499,14990,17%,VIDAA,4.4,0,salmon colored
821,T-Series,HD LED,32,162.49,12499,14990,17%,Linux,3.7,0,salmon colored
822,Dyanora,HD LED,32,162.49,12499,18999,34%,Android,4.2,0,salmon colored
823,Coocaa ,HD LED,32,162.49,12499,25990,52%,Android,4.2,0,salmon colored
824,T-Series,HD LED,32,162.49,12499,17990,31%,Linux,4.2,0,salmon colored
825,LG ,Full HD LED,22,161.89,12453,13500,8%,Linux,4.1,0,salmon colored
826,Infinix,HD LED,32,155.99,11999,17999,33%,Android,4.2,0,salmon colored
827,Thomson,HD LED,32,155.99,11999,14499,17%,Android,4.4,0,salmon colored
828,Thomson,HD LED,32,155.99,11999,14990,20%,Android,4.1,0,salmon colored
829,Samsung,HD LED,32,155.99,11999,21900,45%,Tizen,4.4,0,salmon colored
830,CloudWalker,HD LED,32,155.99,11999,19990,40%,Android,4.3,0,salmon colored
831,Micromax,HD LED,24,155.99,11999,13490,11%,Android,3.9,0,salmon colored
832,Power Guard,HD LED,24,155.99,11999,14990,20%,Android,4.2,0,salmon colored
833,realme ,HD LED,32,155.99,11999,21999,45%,Linux,4.3,0,salmon colored
834,LumX ,HD LED,32,155.87,11990,26900,55%,Android,3.7,0,salmon colored
835,LumX ,HD LED,32,155.87,11990,23900,50%,Android,4.2,0,salmon colored
836,KODAK ,HD LED,32,149.49,11499,20990,45%,Android,4.3,0,salmon colored
837,KODAK ,HD LED,32,149.49,11499,15999,28%,Android,4.1,0,salmon colored
838,IMPEX ,HD LED,32,148.07,11390,18190,37%,HomeOS,4.7,0,salmon colored
839,DETEL ,HD LED,32,146.9,11300,23999,53%,Android,3.9,0,salmon colored
840,Candes ,HD LED,32,146.89,11299,22690,50%,Android,3.9,0,salmon colored
841,RGL ,HD LED,32,146.77,11290,16990,34%,HomeOS,3.7,0,salmon colored
842,Lloyd ,HD LED,32,143.0,11000,20990,48%,Linux,3.7,0,salmon colored
843,Coocaa ,HD LED,32,142.99,10999,36990,70%,Android,4.2,0,salmon colored
844,Dyanora,HD LED,32,142.99,10999,15999,31%,Android,4.3,0,salmon colored
845,HUIDI ,HD LED,32,142.99,10999,18599,41%,Android,4.0,0,salmon colored
846,Vu,HD LED,32,142.99,10999,18000,39%,Android,4.4,0,salmon colored
847,Croma ,HD LED,32,142.87,10990,20000,45%,Android,4.8,0,salmon colored
848,Power Guard,HD LED,24,142.87,10990,12990,15%,HomeOS,4.2,0,salmon colored
849,PHILIPS,HD LED,32,140.92,10840,24990,57%,Android,4.1,0,salmon colored
850,Sansui ,HD LED,24,136.5,10500,14900,30%,Android,4.2,0,salmon colored
851,Micromax,HD LED,32,136.49,10499,19990,47%,Android,4.3,0,salmon colored
852,MarQ by Flipkart,HD LED,32,136.49,10499,18499,43%,Linux,4.3,0,salmon colored
853,MarQ by Flipkart,HD LED,32,129.99,9999,19999,50%,Unknown,4.3,0,salmon colored
854,Candes ,HD LED,24,129.99,9999,17990,44%,Android,4.1,0,salmon colored
855,Candes ,HD LED,24,129.99,9999,17990,44%,Android,4.1,0,salmon colored
856,Candes ,HD LED,24,129.99,9999,17990,44%,Android,4.1,0,salmon colored
857,Candes ,HD LED,24,129.99,9999,17990,44%,Android,4.1,0,salmon colored
858,Blaupunkt,HD LED,32,129.99,9999,22000,55%,Android,4.1,0,salmon colored
859,IMPEX ,HD LED,32,129.99,9999,16990,41%,HomeOS,3.6,0,salmon colored
860,T-Series,HD LED,24,129.87,9990,12990,23%,Android,4.2,0,salmon colored
861,RGL ,HD LED,24,129.87,9990,12990,23%,HomeOS,4.0,0,salmon colored
862,G-TEN ,HD LED,32,129.87,9990,17990,44%,Android,4.3,0,salmon colored
863,Adsun,HD LED,32,127.39,9799,21999,55%,Android,3.8,0,salmon colored
864,HUIDI ,HD LED,32,123.49,9499,16599,43%,Android,4.0,0,salmon colored
865,MarQ by Flipkart,Full HD LED,32,123.49,9499,16499,42%,Unknown,4.3,0,salmon colored
866,AISEN  ,HD LED,24,116.87,8990,9990,10%,Android,4.2,0,salmon colored
867,Micromax,HD LED,22,115.7,8900,10000,11%,Android,4.2,0,salmon colored
868,Adsun,HD LED,32,113.09,8699,16999,49%,Android,3.8,0,salmon colored
869,Candes ,HD LED,24,113.09,8699,15990,46%,Android,3.9,0,salmon colored
870,TCL ,HD LED,40,112.83,8679,29990,71%,HomeOS,4.0,0,salmon colored
871,Skyworth,HD LED,24,112.57,8659,12490,31%,Unknown,3.0,0,salmon colored
872,Thomson,HD LED,24,110.49,8499,10499,19%,Android,4.1,0,salmon colored
873,KODAK ,HD LED,24,110.49,8499,10499,19%,Android,4.0,0,salmon colored
874,Onida,HD LED,24,108.67,8359,13490,38%,Android,4.2,0,salmon colored
875,Sharp ,HD LED,24,106.86,8220,14990,45%,Linux,3.7,0,salmon colored
876,Lloyd ,HD LED,24,105.34,8103,15990,49%,Linux,3.7,0,salmon colored
877,Dyanora,HD LED,24,103.99,7999,10999,27%,Android,4.3,0,salmon colored
878,Blaupunkt,HD LED,32,103.99,7999,18000,56%,Android,4.2,0,salmon colored
879,IMPEX ,HD LED,24,103.99,7999,12990,38%,HomeOS,4.4,0,salmon colored
880,Croma ,HD LED,24,103.87,7990,15000,47%,Android,4.2,0,salmon colored
881,DETEL ,HD LED,32,101.83,7833,21999,64%,Android,4.2,0,salmon colored
882,Haier ,HD LED,32,100.61,7739,19990,61%,Android,4.0,0,salmon colored
883,HUIDI ,HD LED,24,97.49,7499,10999,32%,Android,4.0,0,salmon colored
884,Maser ,HD LED,24,97.49,7499,7999,6%,Unknown,3.8,0,salmon colored
885,TCL ,HD LED,24,97.49,7499,11990,37%,HomeOS,4.0,0,salmon colored
886,MarQ by Flipkart,HD LED,24,97.49,7499,14999,50%,Unknown,4.2,0,salmon colored
887,MURPHY ,HD LED,24,97.37,7490,12990,42%,Unknown,3.0,0,salmon colored
888,Dektron,HD LED,20,96.19,7399,9999,26%,Linux,4.2,0,salmon colored
889,LumX ,HD LED,24,94.77,7290,17900,59%,Android,4.3,0,salmon colored
890,Dektron,HD LED,24,90.99,6999,10999,36%,Linux,4.3,0,salmon colored
891,Dektron,HD LED,22,90.99,6999,10999,36%,Linux,4.2,0,salmon colored
892,MarQ by Flipkart,Full HD LED,24,90.99,6999,11499,39%,Unknown,4.3,0,salmon colored
893,TCL ,HD LED,24,90.22,6940,15490,55%,HomeOS,4.2,0,salmon colored
894,Adsun,HD LED,24,88.39,6799,10999,38%,Android,3.8,0,salmon colored
895,LG ,HD LED,24,87.95,6765,13490,50%,Linux,4.3,0,salmon colored
896,PHILIPS,Full HD LED,22,86.44,6649,12990,49%,Unknown,3.9,0,salmon colored
897,KRISONS,HD LED,20,85.79,6599,7999,18%,Android,4.2,0,salmon colored
898,Micromax,HD LED,20,84.47,6498,10590,39%,Android,4.2,0,salmon colored
899,Micromax,Full HD LED,24,80.33,6179,13390,54%,Android,4.2,0,salmon colored
900,TCL ,HD LED,32,80.16,6166,19990,69%,HomeOS,4.2,0,salmon colored
901,Blaupunkt,HD LED,24,77.99,5999,11000,45%,Android,4.1,0,salmon colored
902,Micromax,HD LED,24,75.3,5792,11990,52%,Android,4.3,0,salmon colored
903,Dektron,HD LED,19,71.49,5499,8999,39%,Linux,4.2,0,salmon colored
904,KRISONS,HD LED,19,71.49,5499,7999,31%,Android,4.2,0,salmon colored
905,KRISONS,HD LED,17,71.49,5499,6999,21%,Android,4.2,0,salmon colored
906,RGL ,Full HD LED,22,71.37,5490,9990,45%,HomeOS,3.9,0,salmon colored
907,RGL ,Full HD LED,24,70.97,5459,12000,55%,HomeOS,3.9,0,salmon colored
908,Micromax,HD LED,20,69.73,5364,10990,51%,Android,4.1,0,salmon colored
909,RGL ,Full HD LED,21,67.6,5200,9420,45%,HomeOS,3.9,0,salmon colored
910,RGL ,Full HD LED,21,67.6,5200,9420,45%,HomeOS,3.9,0,salmon colored
911,RGL ,Full HD LED,20,63.04,4849,8990,46%,HomeOS,3.9,0,salmon colored
